loss,F1,val_loss,val_F1,lr
1.4161946386098863,0.1457997788201636,0.7980343282222748,0.2474190158087459,0.001
0.5784949496388435,0.3285007757176702,0.3662377424538136,0.3807480974442521,0.001
0.22420228384435176,0.4741764737967037,0.08215152970515191,0.5301816895800265,0.001
